{"version": 1, "notes": "", "documentation": "\"This file is a QMK Configurator export. You can import this at <https://config.qmk.fm>. It can also be used directly with QMK's source code.\n\nTo setup your QMK environment check out the tutorial: <https://docs.qmk.fm/#/newbs>\n\nYou can convert this file to a keymap.c using this command: `qmk json2c {keymap}`\n\nYou can compile this keymap using this command: `qmk compile {keymap}`\"\n", "keyboard": "crkbd/rev1/common", "keymap": "mnic-corne", "layout": "LAYOUT_split_3x6_3", "layers": [["KC_TAB", "KC_Q", "KC_W", "KC_E", "KC_R", "KC_T", "KC_Y", "KC_U", "KC_I", "KC_O", "KC_P", "KC_BSPC", "LCTL_T(KC_ESC)", "KC_A", "KC_S", "KC_D", "KC_F", "KC_G", "KC_H", "KC_J", "KC_K", "KC_L", "KC_SCLN", "KC_QUOT", "KC_LSFT", "KC_Z", "KC_X", "KC_C", "KC_V", "KC_B", "KC_N", "KC_M", "KC_COMM", "KC_DOT", "KC_SLSH", "KC_RSFT", "KC_LGUI", "MO(2)", "KC_LALT", "KC_SPC", "MO(1)", "KC_ENT"], ["KC_GRV", "KC_1", "KC_2", "KC_3", "KC_4", "KC_5", "KC_6", "KC_7", "KC_8", "KC_9", "KC_0", "KC_TRNS", "KC_TRNS", "KC_F1", "KC_F2", "KC_F3", "KC_F4", "KC_F5", "KC_F6", "KC_MINS", "KC_EQL", "KC_LBRC", "KC_RBRC", "KC_BSLS", "KC_TRNS", "KC_F7", "KC_F8", "KC_F9", "KC_F10", "KC_F11", "KC_F12", "KC_PGUP", "KC_PGDN", "KC_HOME", "KC_END", "KC_TRNS", "KC_TRNS", "MO(5)", "MO(3)", "KC_TRNS", "KC_TRNS", "MO(6)"], ["KC_TILD", "KC_EXLM", "KC_AT", "KC_HASH", "KC_DLR", "KC_PERC", "KC_CIRC", "KC_AMPR", "KC_ASTR", "KC_LPRN", "KC_RPRN", "KC_DEL", "KC_TRNS", "KC_F1", "KC_F2", "KC_F3", "KC_F4", "KC_F5", "KC_F6", "KC_UNDS", "KC_PLUS", "KC_LCBR", "KC_RCBR", "KC_PIPE", "KC_TRNS", "KC_F7", "KC_F8", "KC_F9", "KC_F10", "KC_F11", "KC_F12", "KC_PGUP", "KC_PGDN", "KC_HOME", "KC_END", "KC_TILD", "MO(6)", "KC_TRNS", "KC_TRNS", "MO(4)", "MO(5)", "KC_TRNS"], ["KC_NO", "KC_NO", "KC_NO", "KC_NO", "KC_NO", "KC_NO", "LCAG(KC_M)", "LCAG(KC_1)", "LCAG(KC_UP)", "LCAG(KC_2)", "LCAG(KC_N)", "KC_NO", "KC_NO", "KC_NO", "KC_NO", "KC_NO", "KC_NO", "KC_NO", "KC_NO", "LCAG(KC_LEFT)", "LCAG(KC_C)", "LCAG(KC_RGHT)", "LCAG(KC_P)", "KC_NO", "KC_NO", "KC_NO", "KC_NO", "KC_NO", "KC_NO", "KC_NO", "KC_NO", "LCAG(KC_3)", "LCAG(KC_DOWN)", "LCAG(KC_4)", "KC_NO", "KC_NO", "KC_TRNS", "KC_TRNS", "KC_TRNS", "KC_TRNS", "KC_TRNS", "KC_TRNS"], ["RGB_TOG", "RGB_MOD", "RGB_HUI", "RGB_SAI", "RGB_VAI", "RGB_SPI", "KC_NO", "KC_NO", "KC_VOLU", "KC_NO", "KC_NO", "KC_NO", "KC_NO", "RGB_RMOD", "RGB_HUD", "RGB_SAD", "RGB_VAD", "RGB_SPD", "KC_NO", "KC_MPRV", "KC_VOLD", "KC_MNXT", "KC_NO", "KC_NO", "BL_TOGG", "BL_STEP", "BL_BRTG", "BL_INC", "BL_DEC", "KC_NO", "KC_NO", "KC_MPLY", "KC_MUTE", "KC_MSTP", "KC_NO", "KC_NO", "KC_NO", "KC_NO", "KC_NO", "KC_TRNS", "KC_TRNS", "KC_NO"], ["KC_NO", "KC_NO", "KC_NO", "KC_NO", "KC_NO", "KC_NO", "KC_NO", "KC_NO", "KC_NO", "KC_NO", "KC_NO", "KC_NO", "KC_NO", "KC_NO", "KC_NO", "KC_NO", "KC_NO", "KC_NO", "KC_LEFT", "KC_DOWN", "KC_UP", "KC_RGHT", "KC_NO", "KC_NO", "KC_NO", "KC_NO", "KC_NO", "KC_NO", "KC_NO", "KC_NO", "KC_NO", "KC_NO", "KC_NO", "KC_NO", "KC_NO", "KC_NO", "KC_NO", "KC_TRNS", "KC_NO", "KC_NO", "KC_TRNS", "KC_TRNS"], ["KC_NO", "KC_NO", "KC_NO", "KC_NO", "KC_NO", "KC_NO", "KC_NO", "KC_NO", "KC_NO", "KC_NO", "KC_NO", "KC_NO", "KC_NO", "KC_NO", "KC_NO", "KC_NO", "KC_NO", "KC_NO", "KC_NO", "KC_NO", "KC_NO", "KC_NO", "KC_NO", "KC_NO", "RESET", "DEBUG", "EEP_RST", "KC_NO", "KC_NO", "KC_NO", "KC_NO", "KC_NO", "KC_NO", "EEP_RST", "DEBUG", "RESET", "KC_TRNS", "KC_NO", "KC_NO", "KC_NO", "KC_NO", "KC_TRNS"]], "author": ""}
