{"version": 1, "notes": "", "documentation": "\"This file is a QMK Configurator export. You can import this at <https://config.qmk.fm>. It can also be used directly with QMK's source code.\n\nTo setup your QMK environment check out the tutorial: <https://docs.qmk.fm/#/newbs>\n\nYou can convert this file to a keymap.c using this command: `qmk json2c {keymap}`\n\nYou can compile this keymap using this command: `qmk compile {keymap}`\"\n", "keyboard": "planck/rev6", "keymap": "layout_ortho_4x12_mine", "layout": "LAYOUT_ortho_4x12", "layers": [["KC_TAB", "KC_Q", "KC_W", "KC_E", "KC_R", "KC_T", "KC_Y", "KC_U", "KC_I", "KC_O", "KC_P", "LT(5,KC_QUOT)", "LCTL_T(KC_ESC)", "KC_A", "KC_S", "KC_D", "KC_F", "KC_G", "KC_H", "KC_J", "KC_K", "KC_L", "LT(4,KC_SCLN)", "RCTL_T(KC_ENT)", "KC_LSPO", "KC_Z", "KC_X", "KC_C", "KC_V", "KC_B", "KC_N", "KC_M", "KC_COMM", "KC_DOT", "KC_SLSH", "KC_RSPC", "LT(3,KC_LBRC)", "ALL_T(KC_LCBR)", "LALT_T(KC_LT)", "KC_LGUI", "MO(1)", "KC_SPC", "KC_SPC", "MO(2)", "KC_RGUI", "RALT_T(KC_GT)", "ALL_T(KC_RCBR)", "LT(3,KC_RBRC)"], ["LGUI(KC_GRV)", "KC_F1", "KC_F2", "KC_F3", "KC_F4", "KC_F5", "KC_F6", "KC_F7", "KC_F8", "KC_F9", "KC_F10", "KC_TRNS", "KC_TRNS", "KC_1", "KC_2", "KC_3", "KC_4", "KC_5", "KC_6", "KC_7", "KC_8", "KC_9", "KC_0", "KC_TRNS", "KC_TRNS", "KC_MINS", "KC_EQL", "KC_GRV", "KC_BSLS", "KC_A", "KC_B", "KC_C", "KC_D", "KC_E", "KC_F", "KC_TRNS", "KC_TRNS", "KC_TRNS", "KC_TRNS", "KC_TRNS", "KC_TRNS", "KC_BSPC", "KC_BSPC", "KC_NO", "KC_TRNS", "KC_TRNS", "KC_TRNS", "KC_TRNS"], ["KC_NO", "KC_F11", "KC_F12", "KC_F13", "KC_F14", "KC_F15", "KC_F16", "KC_F17", "KC_F18", "KC_F19", "KC_F20", "KC_NO", "KC_TRNS", "KC_EXLM", "KC_AT", "KC_HASH", "KC_DLR", "KC_PERC", "KC_CIRC", "KC_AMPR", "KC_ASTR", "KC_QUOT", "KC_DQUO", "KC_TRNS", "KC_TRNS", "KC_UNDS", "KC_PLUS", "KC_TILD", "KC_PIPE", "KC_X", "KC_B", "KC_M", "KC_W", "KC_V", "KC_Z", "KC_TRNS", "KC_TRNS", "KC_TRNS", "KC_TRNS", "KC_TRNS", "KC_NO", "KC_DEL", "KC_DEL", "KC_TRNS", "KC_TRNS", "KC_TRNS", "KC_TRNS", "KC_TRNS"], ["KC_NO", "KC_BTN2", "KC_MS_U", "KC_BTN1", "KC_WH_D", "KC_NO", "KC_NO", "LCAG(KC_P)", "LCAG(KC_1)", "LCAG(KC_UP)", "LCAG(KC_2)", "KC_NO", "KC_NO", "KC_MS_L", "KC_MS_D", "KC_MS_R", "KC_WH_U", "KC_NO", "KC_NO", "LCAG(KC_M)", "LCAG(KC_LEFT)", "LCAG(KC_C)", "LCAG(KC_RGHT)", "KC_NO", "KC_NO", "KC_WH_L", "KC_BTN3", "KC_WH_R", "KC_NO", "KC_NO", "KC_NO", "LCAG(KC_N)", "LCAG(KC_3)", "LCAG(KC_DOWN)", "LCAG(KC_4)", "KC_NO", "KC_TRNS", "KC_MPRV", "KC_MPLY", "KC_MNXT", "KC_BRIU", "KC_SLEP", "KC_SLEP", "KC_BRID", "KC_MUTE", "KC_VOLD", "KC_VOLU", "KC_TRNS"], ["KC_NO", "KC_NO", "KC_NO", "KC_NO", "KC_NO", "KC_NO", "KC_NO", "KC_NO", "KC_NO", "KC_NO", "KC_NO", "KC_NO", "KC_NO", "KC_NO", "KC_HOME", "KC_PGUP", "KC_PGDN", "KC_END", "KC_LEFT", "KC_DOWN", "KC_UP", "KC_RGHT", "KC_TRNS", "KC_NO", "KC_NO", "KC_NO", "KC_NO", "KC_NO", "KC_NO", "KC_NO", "KC_NO", "KC_NO", "KC_NO", "KC_NO", "KC_NO", "KC_NO", "KC_NO", "KC_NO", "KC_NO", "KC_NO", "KC_NO", "KC_NO", "KC_NO", "KC_NO", "KC_NO", "KC_NO", "KC_NO", "KC_NO"], ["KC_NO", "RESET", "DEBUG", "KC_NO", "KC_NO", "KC_NO", "KC_NO", "KC_NO", "KC_NO", "KC_NO", "KC_NO", "KC_TRNS", "KC_NO", "KC_NO", "KC_NO", "KC_NO", "KC_NO", "KC_NO", "KC_NO", "KC_NO", "KC_NO", "KC_NO", "KC_NO", "KC_NO", "KC_NO", "KC_NO", "KC_NO", "KC_NO", "KC_NO", "BL_STEP", "BL_BRTG", "KC_NO", "KC_NO", "KC_NO", "KC_NO", "KC_NO", "KC_NO", "KC_NO", "KC_NO", "KC_NO", "BL_DEC", "BL_TOGG", "BL_TOGG", "BL_INC", "KC_NO", "KC_NO", "KC_NO", "KC_NO"]]}
